policy,reward_scheme,alpha,episodes,success_mean,steps_mean,completion_rate_mean,total_distance_mean,distance_per_target_mean,coordination_efficiency_mean,collision_rate_mean,action_entropy_mean,spatial_order_mean,mean_interagent_distance_mean,role_differentiation_mean,team_return_mean,success_std,steps_std,completion_rate_std,total_distance_std,distance_per_target_std,coordination_efficiency_std,collision_rate_std,action_entropy_std,spatial_order_std,mean_interagent_distance_std,role_differentiation_std,team_return_std
distributed-greedy,weak,0.0,10,1.0,34.9,1.0,87.4,10.925,0.012726849731012329,0.06373691164853044,1.687486670956703,0.7492512119577128,6.444315490055881,0.6726102046863591,0.9843333333333331,0.0,11.985639555549614,0.0,29.311355402907516,3.6639194253634395,0.004769952538550042,0.06253546115766775,0.16454634775139643,0.11453570366125461,1.1325296374998954,0.20509726625925603,0.1198563955554963
distributed-greedy,weak,0.25,10,1.0,34.9,1.0,87.4,10.925,0.012726849731012329,0.06373691164853044,1.687486670956703,0.7492512119577128,6.444315490055881,0.6726102046863591,2.651000000000004,0.0,11.985639555549614,0.0,29.311355402907516,3.6639194253634395,0.004769952538550042,0.06253546115766775,0.16454634775139643,0.11453570366125461,1.1325296374998954,0.20509726625925603,0.1198563955554944
distributed-greedy,weak,0.5,10,1.0,34.9,1.0,87.4,10.925,0.012726849731012329,0.06373691164853044,1.687486670956703,0.7492512119577128,6.444315490055881,0.6726102046863591,4.317666666666672,0.0,11.985639555549614,0.0,29.311355402907516,3.6639194253634395,0.004769952538550042,0.06253546115766775,0.16454634775139643,0.11453570366125461,1.1325296374998954,0.20509726625925603,0.11985639555549395
distributed-greedy,weak,0.75,10,1.0,34.9,1.0,87.4,10.925,0.012726849731012329,0.06373691164853044,1.687486670956703,0.7492512119577128,6.444315490055881,0.6726102046863591,5.984333333333338,0.0,11.985639555549614,0.0,29.311355402907516,3.6639194253634395,0.004769952538550042,0.06253546115766775,0.16454634775139643,0.11453570366125461,1.1325296374998954,0.20509726625925603,0.11985639555549393
distributed-greedy,weak,1.0,10,1.0,34.9,1.0,87.4,10.925,0.012726849731012329,0.06373691164853044,1.687486670956703,0.7492512119577128,6.444315490055881,0.6726102046863591,7.651000000000006,0.0,11.985639555549614,0.0,29.311355402907516,3.6639194253634395,0.004769952538550042,0.06253546115766775,0.16454634775139643,0.11453570366125461,1.1325296374998954,0.20509726625925603,0.11985639555549363
flocking,weak,0.0,10,1.0,16.5,1.0,90.9,11.3625,0.01217676605690406,0.11090927132722798,1.7310866810151109,0.4631131376637401,7.869031857088776,0.5258421570905748,1.1683333333333334,0.0,5.522680508593631,0.0,27.8505934506889,3.4813241813361127,0.004439359752043037,0.12654267258830582,0.20331126333199598,0.11059124368276306,1.0111760481696996,0.196654670877394,0.055226805085936345
flocking,weak,0.25,10,1.0,16.5,1.0,90.9,11.3625,0.01217676605690406,0.11090927132722798,1.7310866810151109,0.4631131376637401,7.869031857088776,0.5258421570905748,2.8350000000000017,0.0,5.522680508593631,0.0,27.8505934506889,3.4813241813361127,0.004439359752043037,0.12654267258830582,0.20331126333199598,0.11059124368276306,1.0111760481696996,0.196654670877394,0.05522680508593573
flocking,weak,0.5,10,1.0,16.5,1.0,90.9,11.3625,0.01217676605690406,0.11090927132722798,1.7310866810151109,0.4631131376637401,7.869031857088776,0.5258421570905748,4.50166666666667,0.0,5.522680508593631,0.0,27.8505934506889,3.4813241813361127,0.004439359752043037,0.12654267258830582,0.20331126333199598,0.11059124368276306,1.0111760481696996,0.196654670877394,0.05522680508593546
flocking,weak,0.75,10,1.0,16.5,1.0,90.9,11.3625,0.01217676605690406,0.11090927132722798,1.7310866810151109,0.4631131376637401,7.869031857088776,0.5258421570905748,6.168333333333335,0.0,5.522680508593631,0.0,27.8505934506889,3.4813241813361127,0.004439359752043037,0.12654267258830582,0.20331126333199598,0.11059124368276306,1.0111760481696996,0.196654670877394,0.05522680508593582
flocking,weak,1.0,10,1.0,16.5,1.0,90.9,11.3625,0.01217676605690406,0.11090927132722798,1.7310866810151109,0.4631131376637401,7.869031857088776,0.5258421570905748,7.835000000000003,0.0,5.522680508593631,0.0,27.8505934506889,3.4813241813361127,0.004439359752043037,0.12654267258830582,0.20331126333199598,0.11059124368276306,1.0111760481696996,0.196654670877394,0.05522680508593519
greedy,weak,0.0,10,1.0,13.5,1.0,81.0,10.125,0.013906994539986867,0.06585931864384549,1.829089683637226,0.4764455312842603,7.521298729333575,0.4239446331425129,1.1983333333333333,0.0,5.1908038341324785,0.0,31.144823004794873,3.893102875599359,0.004750904062855117,0.08827147072704737,0.11275577762698219,0.11825822311462893,1.1543431444496008,0.12538163541793454,0.0519080383413248
greedy,weak,0.25,10,1.0,13.5,1.0,81.0,10.125,0.013906994539986867,0.06585931864384549,1.829089683637226,0.4764455312842603,7.521298729333575,0.4239446331425129,2.865000000000001,0.0,5.1908038341324785,0.0,31.144823004794873,3.893102875599359,0.004750904062855117,0.08827147072704737,0.11275577762698219,0.11825822311462893,1.1543431444496008,0.12538163541793454,0.051908038341323855
greedy,weak,0.5,10,1.0,13.5,1.0,81.0,10.125,0.013906994539986867,0.06585931864384549,1.829089683637226,0.4764455312842603,7.521298729333575,0.4239446331425129,4.531666666666668,0.0,5.1908038341324785,0.0,31.144823004794873,3.893102875599359,0.004750904062855117,0.08827147072704737,0.11275577762698219,0.11825822311462893,1.1543431444496008,0.12538163541793454,0.05190803834132396
greedy,weak,0.75,10,1.0,13.5,1.0,81.0,10.125,0.013906994539986867,0.06585931864384549,1.829089683637226,0.4764455312842603,7.521298729333575,0.4239446331425129,6.198333333333333,0.0,5.1908038341324785,0.0,31.144823004794873,3.893102875599359,0.004750904062855117,0.08827147072704737,0.11275577762698219,0.11825822311462893,1.1543431444496008,0.12538163541793454,0.05190803834132411
greedy,weak,1.0,10,1.0,13.5,1.0,81.0,10.125,0.013906994539986867,0.06585931864384549,1.829089683637226,0.4764455312842603,7.521298729333575,0.4239446331425129,7.865000000000002,0.0,5.1908038341324785,0.0,31.144823004794873,3.893102875599359,0.004750904062855117,0.08827147072704737,0.11275577762698219,0.11825822311462893,1.1543431444496008,0.12538163541793454,0.051908038341323647
random,weak,0.0,10,0.1,174.8,0.7,787.7,155.43119047619047,0.00017301038062283736,0.008637152777777778,2.3191332652893832,0.4237567823178935,8.670099396603163,0.5181101117561452,-0.8146666666666678,0.31622776601683794,16.443843832875572,0.20581815058714115,75.07781148766776,57.249921630024886,0.0005471068616208269,0.004526263152774857,0.0024332551896729692,0.013548667268774751,0.5896256873923695,0.10404534512021088,0.3854489125649871
random,weak,0.25,10,0.1,174.8,0.7,787.7,155.43119047619047,0.00017301038062283736,0.008637152777777778,2.3191332652893832,0.4237567823178935,8.670099396603163,0.5181101117561452,0.35199999999999865,0.31622776601683794,16.443843832875572,0.20581815058714115,75.07781148766776,57.249921630024886,0.0005471068616208269,0.004526263152774857,0.0024332551896729692,0.013548667268774751,0.5896256873923695,0.10404534512021088,0.7157443677738581
random,weak,0.5,10,0.1,174.8,0.7,787.7,155.43119047619047,0.00017301038062283736,0.008637152777777778,2.3191332652893832,0.4237567823178935,8.670099396603163,0.5181101117561452,1.5186666666666733,0.31622776601683794,16.443843832875572,0.20581815058714115,75.07781148766776,57.249921630024886,0.0005471068616208269,0.004526263152774857,0.0024332551896729692,0.013548667268774751,0.5896256873923695,0.10404534512021088,1.0542052181502997
random,weak,0.75,10,0.1,174.8,0.7,787.7,155.43119047619047,0.00017301038062283736,0.008637152777777778,2.3191332652893832,0.4237567823178935,8.670099396603163,0.5181101117561452,2.6853333333333502,0.31622776601683794,16.443843832875572,0.20581815058714115,75.07781148766776,57.249921630024886,0.0005471068616208269,0.004526263152774857,0.0024332551896729692,0.013548667268774751,0.5896256873923695,0.10404534512021088,1.3949002796341685
random,weak,1.0,10,0.1,174.8,0.7,787.7,155.43119047619047,0.00017301038062283736,0.008637152777777778,2.3191332652893832,0.4237567823178935,8.670099396603163,0.5181101117561452,3.852000000000024,0.31622776601683794,16.443843832875572,0.20581815058714115,75.07781148766776,57.249921630024886,0.0005471068616208269,0.004526263152774857,0.0024332551896729692,0.013548667268774751,0.5896256873923695,0.10404534512021088,1.7365150285685602
