run_id,timestamp_utc,policy,reward_scheme,alpha,seed,n_agents,n_targets,success,steps,targets_collected,completion_rate,total_distance,distance_per_target,coordination_efficiency,attempted_collisions,collision_rate,action_entropy,spatial_order,mean_interagent_distance,role_differentiation,team_return
6f6da29ea5da,2026-09-15T02:53:12.146908+00:00,random,weak,0.0,0,6,8,0,180,5,0.625,814,162.8,0.0,13,0.012037037037037037,2.316300929304348,0.41694904238667696,8.98752392438807,0.49547285938084573,-0.9666666666666676
f70598a244fa,2026-09-15T02:53:12.177213+00:00,random,weak,0.0,1,6,8,0,180,7,0.875,795,113.57142857142857,0.0,4,0.003703703703703704,2.32121179815023,0.40264569658787774,8.894266382113338,0.6543818408610214,-0.6333333333333343
b1542dae81bb,2026-09-15T02:53:12.208804+00:00,random,weak,0.0,2,6,8,0,180,7,0.875,831,118.71428571428571,0.0,1,0.000925925925925926,2.3179954360381143,0.4279429380074318,8.772867048716826,0.4923909402253008,-0.6333333333333343
78def1434304,2026-09-15T02:53:12.239937+00:00,random,weak,0.0,3,6,8,0,180,7,0.875,799,114.14285714285714,0.0,11,0.010185185185185186,2.3196270760430466,0.431111595229464,8.909210890545385,0.6893716946128071,-0.6333333333333343
68e70ec3acff,2026-09-15T02:53:12.268497+00:00,random,weak,0.0,4,6,8,0,180,5,0.625,795,159.0,0.0,7,0.006481481481481481,2.319711591243515,0.43288549154462275,9.835274182601738,0.38670765881578345,-0.9666666666666677
b644d89d6f5c,2026-09-15T02:53:12.298701+00:00,random,weak,0.0,5,6,8,0,180,6,0.75,839,139.83333333333334,0.0,12,0.011111111111111112,2.3212190480334347,0.43458956907566965,8.146723970396685,0.5225992705919132,-0.8000000000000012
d65ae8ac7b2f,2026-09-15T02:53:12.329143+00:00,random,weak,0.0,6,6,8,0,180,3,0.375,810,270.0,0.0,7,0.006481481481481481,2.32065167271356,0.4292075776027398,8.863824745624237,0.36571698376395034,-1.3000000000000014
a56c9a89b8f9,2026-09-15T02:53:12.359654+00:00,random,weak,0.0,7,6,8,0,180,4,0.5,807,201.75,0.0,11,0.010185185185185186,2.3191738340067047,0.42148713638010854,7.917946769574918,0.48363178573627863,-1.1333333333333346
bdb47f9b4ece,2026-09-15T02:53:12.389172+00:00,random,weak,0.0,8,6,8,0,180,4,0.5,809,202.25,0.0,9,0.008333333333333333,2.321490410417531,0.4407463147425484,7.864209617441562,0.49459926600695675,-1.1333333333333344
d54bc2bd04aa,2026-09-15T02:53:12.410868+00:00,random,weak,0.0,9,6,8,1,128,8,1.0,578,72.25,0.0017301038062283738,13,0.016927083333333332,2.31395085694335,0.4000024616217954,8.509146434628885,0.5962288175665945,0.05333333333333311
09eb73b6a3c6,2026-09-15T02:53:12.441908+00:00,random,weak,0.25,0,6,8,0,180,5,0.625,814,162.8,0.0,13,0.012037037037037037,2.316300929304348,0.41694904238667696,8.98752392438807,0.49547285938084573,0.07499999999999848
64106af73954,2026-09-15T02:53:12.471046+00:00,random,weak,0.25,1,6,8,0,180,7,0.875,795,113.57142857142857,0.0,4,0.003703703703703704,2.32121179815023,0.40264569658787774,8.894266382113338,0.6543818408610214,0.8249999999999984
1ef84a87365a,2026-09-15T02:53:12.502104+00:00,random,weak,0.25,2,6,8,0,180,7,0.875,831,118.71428571428571,0.0,1,0.000925925925925926,2.3179954360381143,0.4279429380074318,8.772867048716826,0.4923909402253008,0.8249999999999984
559372040edf,2026-09-15T02:53:12.533327+00:00,random,weak,0.25,3,6,8,0,180,7,0.875,799,114.14285714285714,0.0,11,0.010185185185185186,2.3196270760430466,0.431111595229464,8.909210890545385,0.6893716946128071,0.8249999999999984
8bb4c381c706,2026-09-15T02:53:12.564564+00:00,random,weak,0.25,4,6,8,0,180,5,0.625,795,159.0,0.0,7,0.006481481481481481,2.319711591243515,0.43288549154462275,9.835274182601738,0.38670765881578345,0.07499999999999848
4f9da190950f,2026-09-15T02:53:12.592911+00:00,random,weak,0.25,5,6,8,0,180,6,0.75,839,139.83333333333334,0.0,12,0.011111111111111112,2.3212190480334347,0.43458956907566965,8.146723970396685,0.5225992705919132,0.44999999999999885
531e00fc8447,2026-09-15T02:53:12.623479+00:00,random,weak,0.25,6,6,8,0,180,3,0.375,810,270.0,0.0,7,0.006481481481481481,2.32065167271356,0.4292075776027398,8.863824745624237,0.36571698376395034,-0.6750000000000009
9a2785cc9fd8,2026-09-15T02:53:12.654472+00:00,random,weak,0.25,7,6,8,0,180,4,0.5,807,201.75,0.0,11,0.010185185185185186,2.3191738340067047,0.42148713638010854,7.917946769574918,0.48363178573627863,-0.30000000000000093
c85a18bb25eb,2026-09-15T02:53:12.683379+00:00,random,weak,0.25,8,6,8,0,180,4,0.5,809,202.25,0.0,9,0.008333333333333333,2.321490410417531,0.4407463147425484,7.864209617441562,0.49459926600695675,-0.3000000000000011
05da8e3f426f,2026-09-15T02:53:12.704284+00:00,random,weak,0.25,9,6,8,1,128,8,1.0,578,72.25,0.0017301038062283738,13,0.016927083333333332,2.31395085694335,0.4000024616217954,8.509146434628885,0.5962288175665945,1.7199999999999989
26608a1702e0,2026-09-15T02:53:12.735051+00:00,random,weak,0.5,0,6,8,0,180,5,0.625,814,162.8,0.0,13,0.012037037037037037,2.316300929304348,0.41694904238667696,8.98752392438807,0.49547285938084573,1.116666666666667
e4bdaf40639e,2026-09-15T02:53:12.765800+00:00,random,weak,0.5,1,6,8,0,180,7,0.875,795,113.57142857142857,0.0,4,0.003703703703703704,2.32121179815023,0.40264569658787774,8.894266382113338,0.6543818408610214,2.2833333333333523
f197055b71ae,2026-09-15T02:53:12.795280+00:00,random,weak,0.5,2,6,8,0,180,7,0.875,831,118.71428571428571,0.0,1,0.000925925925925926,2.3179954360381143,0.4279429380074318,8.772867048716826,0.4923909402253008,2.283333333333361
27a5d2241acb,2026-09-15T02:53:12.824731+00:00,random,weak,0.5,3,6,8,0,180,7,0.875,799,114.14285714285714,0.0,11,0.010185185185185186,2.3196270760430466,0.431111595229464,8.909210890545385,0.6893716946128071,2.2833333333333408
af59ff289ecb,2026-09-15T02:53:12.853600+00:00,random,weak,0.5,4,6,8,0,180,5,0.625,795,159.0,0.0,7,0.006481481481481481,2.319711591243515,0.43288549154462275,9.835274182601738,0.38670765881578345,1.1166666666666776
03b04ff493cf,2026-09-15T02:53:12.882390+00:00,random,weak,0.5,5,6,8,0,180,6,0.75,839,139.83333333333334,0.0,12,0.011111111111111112,2.3212190480334347,0.43458956907566965,8.146723970396685,0.5225992705919132,1.6999999999999982
6a84f290028e,2026-09-15T02:53:12.911659+00:00,random,weak,0.5,6,6,8,0,180,3,0.375,810,270.0,0.0,7,0.006481481481481481,2.32065167271356,0.4292075776027398,8.863824745624237,0.36571698376395034,-0.05000000000000098
df77f0d8527c,2026-09-15T02:53:12.941440+00:00,random,weak,0.5,7,6,8,0,180,4,0.5,807,201.75,0.0,11,0.010185185185185186,2.3191738340067047,0.42148713638010854,7.917946769574918,0.48363178573627863,0.5333333333333323
f2dd6a295d91,2026-09-15T02:53:12.971451+00:00,random,weak,0.5,8,6,8,0,180,4,0.5,809,202.25,0.0,9,0.008333333333333333,2.321490410417531,0.4407463147425484,7.864209617441562,0.49459926600695675,0.5333333333333321
fb64e279834b,2026-09-15T02:53:12.996646+00:00,random,weak,0.5,9,6,8,1,128,8,1.0,578,72.25,0.0017301038062283738,13,0.016927083333333332,2.31395085694335,0.4000024616217954,8.509146434628885,0.5962288175665945,3.3866666666666743
c964f644bf35,2026-09-15T02:53:13.026522+00:00,random,weak,0.75,0,6,8,0,180,5,0.625,814,162.8,0.0,13,0.012037037037037037,2.316300929304348,0.41694904238667696,8.98752392438807,0.49547285938084573,2.1583333333333563
c82ce10ac38f,2026-09-15T02:53:13.056032+00:00,random,weak,0.75,1,6,8,0,180,7,0.875,795,113.57142857142857,0.0,4,0.003703703703703704,2.32121179815023,0.40264569658787774,8.894266382113338,0.6543818408610214,3.7416666666666982
063412042fd2,2026-09-15T02:53:13.084688+00:00,random,weak,0.75,2,6,8,0,180,7,0.875,831,118.71428571428571,0.0,1,0.000925925925925926,2.3179954360381143,0.4279429380074318,8.772867048716826,0.4923909402253008,3.741666666666699
a99355915b2a,2026-09-15T02:53:13.114031+00:00,random,weak,0.75,3,6,8,0,180,7,0.875,799,114.14285714285714,0.0,11,0.010185185185185186,2.3196270760430466,0.431111595229464,8.909210890545385,0.6893716946128071,3.741666666666692
dba9be31c03b,2026-09-15T02:53:13.145527+00:00,random,weak,0.75,4,6,8,0,180,5,0.625,795,159.0,0.0,7,0.006481481481481481,2.319711591243515,0.43288549154462275,9.835274182601738,0.38670765881578345,2.1583333333333643
967c488230e1,2026-09-15T02:53:13.175260+00:00,random,weak,0.75,5,6,8,0,180,6,0.75,839,139.83333333333334,0.0,12,0.011111111111111112,2.3212190480334347,0.43458956907566965,8.146723970396685,0.5225992705919132,2.95000000000001
ffc0647e2ba1,2026-09-15T02:53:13.205472+00:00,random,weak,0.75,6,6,8,0,180,3,0.375,810,270.0,0.0,7,0.006481481481481481,2.32065167271356,0.4292075776027398,8.863824745624237,0.36571698376395034,0.5749999999999982
ae06247bed04,2026-09-15T02:53:13.235423+00:00,random,weak,0.75,7,6,8,0,180,4,0.5,807,201.75,0.0,11,0.010185185185185186,2.3191738340067047,0.42148713638010854,7.917946769574918,0.48363178573627863,1.3666666666666651
ccd11075e78e,2026-09-15T02:53:13.264098+00:00,random,weak,0.75,8,6,8,0,180,4,0.5,809,202.25,0.0,9,0.008333333333333333,2.321490410417531,0.4407463147425484,7.864209617441562,0.49459926600695675,1.366666666666668
29319828c816,2026-09-15T02:53:13.284549+00:00,random,weak,0.75,9,6,8,1,128,8,1.0,578,72.25,0.0017301038062283738,13,0.016927083333333332,2.31395085694335,0.4000024616217954,8.509146434628885,0.5962288175665945,5.05333333333335
c0327a3fa628,2026-09-15T02:53:13.313466+00:00,random,weak,1.0,0,6,8,0,180,5,0.625,814,162.8,0.0,13,0.012037037037037037,2.316300929304348,0.41694904238667696,8.98752392438807,0.49547285938084573,3.200000000000032
55823b8235da,2026-09-15T02:53:13.342235+00:00,random,weak,1.0,1,6,8,0,180,7,0.875,795,113.57142857142857,0.0,4,0.003703703703703704,2.32121179815023,0.40264569658787774,8.894266382113338,0.6543818408610214,5.200000000000034
f64722a086fe,2026-09-15T02:53:13.372832+00:00,random,weak,1.0,2,6,8,0,180,7,0.875,831,118.71428571428571,0.0,1,0.000925925925925926,2.3179954360381143,0.4279429380074318,8.772867048716826,0.4923909402253008,5.200000000000033
e10a68288d07,2026-09-15T02:53:13.401263+00:00,random,weak,1.0,3,6,8,0,180,7,0.875,799,114.14285714285714,0.0,11,0.010185185185185186,2.3196270760430466,0.431111595229464,8.909210890545385,0.6893716946128071,5.200000000000027
6a8bedd62d2a,2026-09-15T02:53:13.433562+00:00,random,weak,1.0,4,6,8,0,180,5,0.625,795,159.0,0.0,7,0.006481481481481481,2.319711591243515,0.43288549154462275,9.835274182601738,0.38670765881578345,3.2000000000000313
6a6e5fd3c7ff,2026-09-15T02:53:13.463387+00:00,random,weak,1.0,5,6,8,0,180,6,0.75,839,139.83333333333334,0.0,12,0.011111111111111112,2.3212190480334347,0.43458956907566965,8.146723970396685,0.5225992705919132,4.200000000000026
a745470ca794,2026-09-15T02:53:13.495063+00:00,random,weak,1.0,6,6,8,0,180,3,0.375,810,270.0,0.0,7,0.006481481481481481,2.32065167271356,0.4292075776027398,8.863824745624237,0.36571698376395034,1.1999999999999986
aaa0ecae906f,2026-09-15T02:53:13.525320+00:00,random,weak,1.0,7,6,8,0,180,4,0.5,807,201.75,0.0,11,0.010185185185185186,2.3191738340067047,0.42148713638010854,7.917946769574918,0.48363178573627863,2.200000000000001
5ad3aa69524a,2026-09-15T02:53:13.553602+00:00,random,weak,1.0,8,6,8,0,180,4,0.5,809,202.25,0.0,9,0.008333333333333333,2.321490410417531,0.4407463147425484,7.864209617441562,0.49459926600695675,2.2000000000000304
55c8b74839a3,2026-09-15T02:53:13.576598+00:00,random,weak,1.0,9,6,8,1,128,8,1.0,578,72.25,0.0017301038062283738,13,0.016927083333333332,2.31395085694335,0.4000024616217954,8.509146434628885,0.5962288175665945,6.720000000000021
7a86e1317cf1,2026-09-15T02:53:13.579811+00:00,greedy,weak,0.0,0,6,8,1,12,8,1.0,72,9.0,0.013888888888888888,0,0.0,1.9809256184491058,0.4428668829700513,8.761211795019005,0.20203050891044214,1.2133333333333332
07a53b0b5803,2026-09-15T02:53:13.582646+00:00,greedy,weak,0.0,1,6,8,1,11,8,1.0,66,8.25,0.015151515151515152,11,0.16666666666666666,1.9067600917647214,0.3814790512429244,7.884100719645571,0.40406101782088427,1.2233333333333334
c3385b2684e5,2026-09-15T02:53:13.584739+00:00,greedy,weak,0.0,2,6,8,1,8,8,1.0,48,6.0,0.020833333333333332,0,0.0,1.9324799544077593,0.296528030667372,8.462522731956874,0.5890150893739515,1.2533333333333332
da0e24b7a944,2026-09-15T02:53:13.587739+00:00,greedy,weak,0.0,3,6,8,1,12,8,1.0,72,9.0,0.013888888888888888,0,0.0,1.7680881674441833,0.5304001370634883,5.824540848982566,0.5345224838248487,1.2133333333333332
71dbe0db8726,2026-09-15T02:53:13.590268+00:00,greedy,weak,0.0,4,6,8,1,10,8,1.0,60,7.5,0.016666666666666666,3,0.05,1.8901074801412552,0.3134972782429222,8.782250197912601,0.40406101782088427,1.2333333333333332
28823829c235,2026-09-15T02:53:13.595624+00:00,greedy,weak,0.0,5,6,8,1,23,8,1.0,138,17.25,0.007246376811594203,8,0.057971014492753624,1.8532403909745012,0.537160084708749,6.044115438865305,0.47380354147934284,1.1033333333333333
358d06189712,2026-09-15T02:53:13.599679+00:00,greedy,weak,0.0,6,6,8,1,17,8,1.0,102,12.75,0.00980392156862745,5,0.049019607843137254,1.9007202161803232,0.4823919046762942,8.046217480610936,0.31943828249996986,1.163333333333333
3147be90b413,2026-09-15T02:53:13.604501+00:00,greedy,weak,0.0,7,6,8,1,21,8,1.0,126,15.75,0.007936507936507936,0,0.0,1.6860060866207174,0.6586558471490415,6.110077081167498,0.40406101782088427,1.123333333333333
5659ca2949f7,2026-09-15T02:53:13.607858+00:00,greedy,weak,0.0,8,6,8,1,13,8,1.0,78,9.75,0.01282051282051282,5,0.0641025641025641,1.6970139434966216,0.523638883372844,8.142389728806101,0.31943828249996986,1.2033333333333331
9e2efa12925d,2026-09-15T02:53:13.610002+00:00,greedy,weak,0.0,9,6,8,1,8,8,1.0,48,6.0,0.020833333333333332,13,0.2708333333333333,1.6755548868930705,0.5978372127489168,7.155561270369285,0.5890150893739515,1.2533333333333332
49c271f27fc6,2026-09-15T02:53:13.612808+00:00,greedy,weak,0.25,0,6,8,1,12,8,1.0,72,9.0,0.013888888888888888,0,0.0,1.9809256184491058,0.4428668829700513,8.761211795019005,0.20203050891044214,2.880000000000001
e2a498c18cb7,2026-09-15T02:53:13.615531+00:00,greedy,weak,0.25,1,6,8,1,11,8,1.0,66,8.25,0.015151515151515152,11,0.16666666666666666,1.9067600917647214,0.3814790512429244,7.884100719645571,0.40406101782088427,2.8900000000000006
b45a29fbf817,2026-09-15T02:53:13.617654+00:00,greedy,weak,0.25,2,6,8,1,8,8,1.0,48,6.0,0.020833333333333332,0,0.0,1.9324799544077593,0.296528030667372,8.462522731956874,0.5890150893739515,2.920000000000001
604c4b3cca6c,2026-09-15T02:53:13.620429+00:00,greedy,weak,0.25,3,6,8,1,12,8,1.0,72,9.0,0.013888888888888888,0,0.0,1.7680881674441833,0.5304001370634883,5.824540848982566,0.5345224838248487,2.880000000000001
552783ccb78e,2026-09-15T02:53:13.623033+00:00,greedy,weak,0.25,4,6,8,1,10,8,1.0,60,7.5,0.016666666666666666,3,0.05,1.8901074801412552,0.3134972782429222,8.782250197912601,0.40406101782088427,2.9000000000000004
4138b735eb00,2026-09-15T02:53:13.628078+00:00,greedy,weak,0.25,5,6,8,1,23,8,1.0,138,17.25,0.007246376811594203,8,0.057971014492753624,1.8532403909745012,0.537160084708749,6.044115438865305,0.47380354147934284,2.770000000000003
b77863c51967,2026-09-15T02:53:13.631928+00:00,greedy,weak,0.25,6,6,8,1,17,8,1.0,102,12.75,0.00980392156862745,5,0.049019607843137254,1.9007202161803232,0.4823919046762942,8.046217480610936,0.31943828249996986,2.830000000000001
8f9a006caa6d,2026-09-15T02:53:13.636517+00:00,greedy,weak,0.25,7,6,8,1,21,8,1.0,126,15.75,0.007936507936507936,0,0.0,1.6860060866207174,0.6586558471490415,6.110077081167498,0.40406101782088427,2.7900000000000027
352f274cdd92,2026-09-15T02:53:13.639503+00:00,greedy,weak,0.25,8,6,8,1,13,8,1.0,78,9.75,0.01282051282051282,5,0.0641025641025641,1.6970139434966216,0.523638883372844,8.142389728806101,0.31943828249996986,2.870000000000001
9a2096ca72f6,2026-09-15T02:53:13.641445+00:00,greedy,weak,0.25,9,6,8,1,8,8,1.0,48,6.0,0.020833333333333332,13,0.2708333333333333,1.6755548868930705,0.5978372127489168,7.155561270369285,0.5890150893739515,2.92
fc2293cf2786,2026-09-15T02:53:13.644251+00:00,greedy,weak,0.5,0,6,8,1,12,8,1.0,72,9.0,0.013888888888888888,0,0.0,1.9809256184491058,0.4428668829700513,8.761211795019005,0.20203050891044214,4.546666666666668
d6c711ccd4f5,2026-09-15T02:53:13.646849+00:00,greedy,weak,0.5,1,6,8,1,11,8,1.0,66,8.25,0.015151515151515152,11,0.16666666666666666,1.9067600917647214,0.3814790512429244,7.884100719645571,0.40406101782088427,4.5566666666666675
e7febf3c7f92,2026-09-15T02:53:13.648774+00:00,greedy,weak,0.5,2,6,8,1,8,8,1.0,48,6.0,0.020833333333333332,0,0.0,1.9324799544077593,0.296528030667372,8.462522731956874,0.5890150893739515,4.586666666666668
e07131e234ab,2026-09-15T02:53:13.651832+00:00,greedy,weak,0.5,3,6,8,1,12,8,1.0,72,9.0,0.013888888888888888,0,0.0,1.7680881674441833,0.5304001370634883,5.824540848982566,0.5345224838248487,4.546666666666669
d142fc387f8f,2026-09-15T02:53:13.654209+00:00,greedy,weak,0.5,4,6,8,1,10,8,1.0,60,7.5,0.016666666666666666,3,0.05,1.8901074801412552,0.3134972782429222,8.782250197912601,0.40406101782088427,4.566666666666667
be055071b06a,2026-09-15T02:53:13.659259+00:00,greedy,weak,0.5,5,6,8,1,23,8,1.0,138,17.25,0.007246376811594203,8,0.057971014492753624,1.8532403909745012,0.537160084708749,6.044115438865305,0.47380354147934284,4.43666666666667
34bb0af37fe5,2026-09-15T02:53:13.663097+00:00,greedy,weak,0.5,6,6,8,1,17,8,1.0,102,12.75,0.00980392156862745,5,0.049019607843137254,1.9007202161803232,0.4823919046762942,8.046217480610936,0.31943828249996986,4.496666666666669
eb478874c41b,2026-09-15T02:53:13.667689+00:00,greedy,weak,0.5,7,6,8,1,21,8,1.0,126,15.75,0.007936507936507936,0,0.0,1.6860060866207174,0.6586558471490415,6.110077081167498,0.40406101782088427,4.456666666666669
adaed6df4472,2026-09-15T02:53:13.670642+00:00,greedy,weak,0.5,8,6,8,1,13,8,1.0,78,9.75,0.01282051282051282,5,0.0641025641025641,1.6970139434966216,0.523638883372844,8.142389728806101,0.31943828249996986,4.536666666666668
cb274746d6a8,2026-09-15T02:53:13.672575+00:00,greedy,weak,0.5,9,6,8,1,8,8,1.0,48,6.0,0.020833333333333332,13,0.2708333333333333,1.6755548868930705,0.5978372127489168,7.155561270369285,0.5890150893739515,4.586666666666667
5fc32ba5487b,2026-09-15T02:53:13.675406+00:00,greedy,weak,0.75,0,6,8,1,12,8,1.0,72,9.0,0.013888888888888888,0,0.0,1.9809256184491058,0.4428668829700513,8.761211795019005,0.20203050891044214,6.213333333333333
95abc5b87139,2026-09-15T02:53:13.678176+00:00,greedy,weak,0.75,1,6,8,1,11,8,1.0,66,8.25,0.015151515151515152,11,0.16666666666666666,1.9067600917647214,0.3814790512429244,7.884100719645571,0.40406101782088427,6.223333333333333
111237f535ce,2026-09-15T02:53:13.680233+00:00,greedy,weak,0.75,2,6,8,1,8,8,1.0,48,6.0,0.020833333333333332,0,0.0,1.9324799544077593,0.296528030667372,8.462522731956874,0.5890150893739515,6.253333333333334
04d3c13a4d8b,2026-09-15T02:53:13.683198+00:00,greedy,weak,0.75,3,6,8,1,12,8,1.0,72,9.0,0.013888888888888888,0,0.0,1.7680881674441833,0.5304001370634883,5.824540848982566,0.5345224838248487,6.213333333333335
1db8b9c48fcb,2026-09-15T02:53:13.685546+00:00,greedy,weak,0.75,4,6,8,1,10,8,1.0,60,7.5,0.016666666666666666,3,0.05,1.8901074801412552,0.3134972782429222,8.782250197912601,0.40406101782088427,6.2333333333333325
71270acb40fc,2026-09-15T02:53:13.690715+00:00,greedy,weak,0.75,5,6,8,1,23,8,1.0,138,17.25,0.007246376811594203,8,0.057971014492753624,1.8532403909745012,0.537160084708749,6.044115438865305,0.47380354147934284,6.103333333333335
c977055b4606,2026-09-15T02:53:13.694508+00:00,greedy,weak,0.75,6,6,8,1,17,8,1.0,102,12.75,0.00980392156862745,5,0.049019607843137254,1.9007202161803232,0.4823919046762942,8.046217480610936,0.31943828249996986,6.163333333333335
32e2ea4d5851,2026-09-15T02:53:13.699189+00:00,greedy,weak,0.75,7,6,8,1,21,8,1.0,126,15.75,0.007936507936507936,0,0.0,1.6860060866207174,0.6586558471490415,6.110077081167498,0.40406101782088427,6.123333333333335
bfdc8b621b1b,2026-09-15T02:53:13.702128+00:00,greedy,weak,0.75,8,6,8,1,13,8,1.0,78,9.75,0.01282051282051282,5,0.0641025641025641,1.6970139434966216,0.523638883372844,8.142389728806101,0.31943828249996986,6.203333333333335
4df31d00b256,2026-09-15T02:53:13.704097+00:00,greedy,weak,0.75,9,6,8,1,8,8,1.0,48,6.0,0.020833333333333332,13,0.2708333333333333,1.6755548868930705,0.5978372127489168,7.155561270369285,0.5890150893739515,6.253333333333334
fe7da31a20aa,2026-09-15T02:53:13.707147+00:00,greedy,weak,1.0,0,6,8,1,12,8,1.0,72,9.0,0.013888888888888888,0,0.0,1.9809256184491058,0.4428668829700513,8.761211795019005,0.20203050891044214,7.880000000000002
2bb34f318c49,2026-09-15T02:53:13.709818+00:00,greedy,weak,1.0,1,6,8,1,11,8,1.0,66,8.25,0.015151515151515152,11,0.16666666666666666,1.9067600917647214,0.3814790512429244,7.884100719645571,0.40406101782088427,7.890000000000001
ed7d83f0ecb8,2026-09-15T02:53:13.711814+00:00,greedy,weak,1.0,2,6,8,1,8,8,1.0,48,6.0,0.020833333333333332,0,0.0,1.9324799544077593,0.296528030667372,8.462522731956874,0.5890150893739515,7.920000000000001
dbcf1321f15e,2026-09-15T02:53:13.714543+00:00,greedy,weak,1.0,3,6,8,1,12,8,1.0,72,9.0,0.013888888888888888,0,0.0,1.7680881674441833,0.5304001370634883,5.824540848982566,0.5345224838248487,7.880000000000002
30c6995f8153,2026-09-15T02:53:13.716937+00:00,greedy,weak,1.0,4,6,8,1,10,8,1.0,60,7.5,0.016666666666666666,3,0.05,1.8901074801412552,0.3134972782429222,8.782250197912601,0.40406101782088427,7.900000000000001
b1479635eb1f,2026-09-15T02:53:13.721980+00:00,greedy,weak,1.0,5,6,8,1,23,8,1.0,138,17.25,0.007246376811594203,8,0.057971014492753624,1.8532403909745012,0.537160084708749,6.044115438865305,0.47380354147934284,7.770000000000004
92d06490cf5d,2026-09-15T02:53:13.725927+00:00,greedy,weak,1.0,6,6,8,1,17,8,1.0,102,12.75,0.00980392156862745,5,0.049019607843137254,1.9007202161803232,0.4823919046762942,8.046217480610936,0.31943828249996986,7.830000000000003
ed0c683e8ac1,2026-09-15T02:53:13.730599+00:00,greedy,weak,1.0,7,6,8,1,21,8,1.0,126,15.75,0.007936507936507936,0,0.0,1.6860060866207174,0.6586558471490415,6.110077081167498,0.40406101782088427,7.790000000000004
a22d65bcaa5f,2026-09-15T02:53:13.733607+00:00,greedy,weak,1.0,8,6,8,1,13,8,1.0,78,9.75,0.01282051282051282,5,0.0641025641025641,1.6970139434966216,0.523638883372844,8.142389728806101,0.31943828249996986,7.870000000000003
17938d9df9a8,2026-09-15T02:53:13.735679+00:00,greedy,weak,1.0,9,6,8,1,8,8,1.0,48,6.0,0.020833333333333332,13,0.2708333333333333,1.6755548868930705,0.5978372127489168,7.155561270369285,0.5890150893739515,7.920000000000001
a008e8d5bd93,2026-09-15T02:53:13.740157+00:00,flocking,weak,0.0,0,6,8,1,16,8,1.0,96,12.0,0.010416666666666666,0,0.0,1.9586099420987808,0.4263091820815447,8.034493749421515,0.20203050891044214,1.1733333333333331
135dc9bb0a4d,2026-09-15T02:53:13.743338+00:00,flocking,weak,0.0,1,6,8,1,11,8,1.0,54,6.75,0.018518518518518517,20,0.30303030303030304,1.510964002541658,0.42729711549430305,8.048623588099518,0.7026743483530378,1.2233333333333332
41f91b768933,2026-09-15T02:53:13.745532+00:00,flocking,weak,0.0,2,6,8,1,8,8,1.0,48,6.0,0.020833333333333332,0,0.0,1.9324799544077593,0.296528030667372,8.462522731956874,0.5890150893739515,1.2533333333333332
12b14320a837,2026-09-15T02:53:13.748814+00:00,flocking,weak,0.0,3,6,8,1,12,8,1.0,72,9.0,0.013888888888888888,0,0.0,1.7492174991347922,0.5420351695611497,5.892721336148372,0.5345224838248487,1.2133333333333332
84f2c2b28752,2026-09-15T02:53:13.753384+00:00,flocking,weak,0.0,4,6,8,1,17,8,1.0,94,11.75,0.010638297872340425,14,0.13725490196078433,1.6622415925606622,0.5342968558598478,8.750311343281012,0.5779829341872648,1.163333333333333
cb33289e1d53,2026-09-15T02:53:13.758449+00:00,flocking,weak,0.0,5,6,8,1,19,8,1.0,114,14.25,0.008771929824561403,9,0.07894736842105263,1.9320164329373077,0.2839954482084632,7.727565746968688,0.47380354147934284,1.1433333333333333
907cb1671e96,2026-09-15T02:53:13.765443+00:00,flocking,weak,0.0,6,6,8,1,25,8,1.0,120,15.0,0.008333333333333333,30,0.2,1.7200466784292925,0.4441253482524997,8.914632054438341,0.46140072063229376,1.083333333333333
11d04a4ccfcc,2026-09-15T02:53:13.771222+00:00,flocking,weak,0.0,7,6,8,1,22,8,1.0,132,16.5,0.007575757575757576,0,0.0,1.7964088640745233,0.5527435727248149,6.500096148011,0.47380354147934284,1.113333333333333
44e4000436b2,2026-09-15T02:53:13.774740+00:00,flocking,weak,0.0,8,6,8,1,13,8,1.0,77,9.625,0.012987012987012988,5,0.0641025641025641,1.7435347409427222,0.4971123339032518,8.860740196421,0.3239001813723725,1.2033333333333331
677debd728a9,2026-09-15T02:53:13.780611+00:00,flocking,weak,0.0,9,6,8,1,22,8,1.0,102,12.75,0.00980392156862745,43,0.32575757575757575,1.3053471030236117,0.6266883198841542,7.498611676141439,0.9192882212928511,1.113333333333333
efafab7cd7db,2026-09-15T02:53:13.784807+00:00,flocking,weak,0.25,0,6,8,1,16,8,1.0,96,12.0,0.010416666666666666,0,0.0,1.9586099420987808,0.4263091820815447,8.034493749421515,0.20203050891044214,2.8400000000000016
f01a68a8bd31,2026-09-15T02:53:13.787925+00:00,flocking,weak,0.25,1,6,8,1,11,8,1.0,54,6.75,0.018518518518518517,20,0.30303030303030304,1.510964002541658,0.42729711549430305,8.048623588099518,0.7026743483530378,2.8900000000000006
7cda6639844b,2026-09-15T02:53:13.790112+00:00,flocking,weak,0.25,2,6,8,1,8,8,1.0,48,6.0,0.020833333333333332,0,0.0,1.9324799544077593,0.296528030667372,8.462522731956874,0.5890150893739515,2.920000000000001
c15a8dda6d89,2026-09-15T02:53:13.793437+00:00,flocking,weak,0.25,3,6,8,1,12,8,1.0,72,9.0,0.013888888888888888,0,0.0,1.7492174991347922,0.5420351695611497,5.892721336148372,0.5345224838248487,2.880000000000001
225aaba3e17b,2026-09-15T02:53:13.798043+00:00,flocking,weak,0.25,4,6,8,1,17,8,1.0,94,11.75,0.010638297872340425,14,0.13725490196078433,1.6622415925606622,0.5342968558598478,8.750311343281012,0.5779829341872648,2.830000000000002
d388beceb201,2026-09-15T02:53:13.803164+00:00,flocking,weak,0.25,5,6,8,1,19,8,1.0,114,14.25,0.008771929824561403,9,0.07894736842105263,1.9320164329373077,0.2839954482084632,7.727565746968688,0.47380354147934284,2.8100000000000023
04c8112f01d3,2026-09-15T02:53:13.810111+00:00,flocking,weak,0.25,6,6,8,1,25,8,1.0,120,15.0,0.008333333333333333,30,0.2,1.7200466784292925,0.4441253482524997,8.914632054438341,0.46140072063229376,2.7500000000000027
557814e9b504,2026-09-15T02:53:13.816320+00:00,flocking,weak,0.25,7,6,8,1,22,8,1.0,132,16.5,0.007575757575757576,0,0.0,1.7964088640745233,0.5527435727248149,6.500096148011,0.47380354147934284,2.780000000000003
da06432247e0,2026-09-15T02:53:13.819875+00:00,flocking,weak,0.25,8,6,8,1,13,8,1.0,77,9.625,0.012987012987012988,5,0.0641025641025641,1.7435347409427222,0.4971123339032518,8.860740196421,0.3239001813723725,2.870000000000001
d531361320ad,2026-09-15T02:53:13.825666+00:00,flocking,weak,0.25,9,6,8,1,22,8,1.0,102,12.75,0.00980392156862745,43,0.32575757575757575,1.3053471030236117,0.6266883198841542,7.498611676141439,0.9192882212928511,2.7800000000000002
e5d35169d62b,2026-09-15T02:53:13.830250+00:00,flocking,weak,0.5,0,6,8,1,16,8,1.0,96,12.0,0.010416666666666666,0,0.0,1.9586099420987808,0.4263091820815447,8.034493749421515,0.20203050891044214,4.506666666666669
76e95f67efcd,2026-09-15T02:53:13.833554+00:00,flocking,weak,0.5,1,6,8,1,11,8,1.0,54,6.75,0.018518518518518517,20,0.30303030303030304,1.510964002541658,0.42729711549430305,8.048623588099518,0.7026743483530378,4.556666666666667
63027de83c2c,2026-09-15T02:53:13.836050+00:00,flocking,weak,0.5,2,6,8,1,8,8,1.0,48,6.0,0.020833333333333332,0,0.0,1.9324799544077593,0.296528030667372,8.462522731956874,0.5890150893739515,4.586666666666668
7255f1b1e2bd,2026-09-15T02:53:13.839475+00:00,flocking,weak,0.5,3,6,8,1,12,8,1.0,72,9.0,0.013888888888888888,0,0.0,1.7492174991347922,0.5420351695611497,5.892721336148372,0.5345224838248487,4.546666666666669
06058ced206e,2026-09-15T02:53:13.844219+00:00,flocking,weak,0.5,4,6,8,1,17,8,1.0,94,11.75,0.010638297872340425,14,0.13725490196078433,1.6622415925606622,0.5342968558598478,8.750311343281012,0.5779829341872648,4.496666666666669
24ca8c354d85,2026-09-15T02:53:13.849241+00:00,flocking,weak,0.5,5,6,8,1,19,8,1.0,114,14.25,0.008771929824561403,9,0.07894736842105263,1.9320164329373077,0.2839954482084632,7.727565746968688,0.47380354147934284,4.476666666666669
db5fb4ef2dae,2026-09-15T02:53:13.855856+00:00,flocking,weak,0.5,6,6,8,1,25,8,1.0,120,15.0,0.008333333333333333,30,0.2,1.7200466784292925,0.4441253482524997,8.914632054438341,0.46140072063229376,4.4166666666666705
172afb016284,2026-09-15T02:53:13.861507+00:00,flocking,weak,0.5,7,6,8,1,22,8,1.0,132,16.5,0.007575757575757576,0,0.0,1.7964088640745233,0.5527435727248149,6.500096148011,0.47380354147934284,4.446666666666669
2a8ec7731fe3,2026-09-15T02:53:13.865150+00:00,flocking,weak,0.5,8,6,8,1,13,8,1.0,77,9.625,0.012987012987012988,5,0.0641025641025641,1.7435347409427222,0.4971123339032518,8.860740196421,0.3239001813723725,4.536666666666668
63753df65042,2026-09-15T02:53:13.870964+00:00,flocking,weak,0.5,9,6,8,1,22,8,1.0,102,12.75,0.00980392156862745,43,0.32575757575757575,1.3053471030236117,0.6266883198841542,7.498611676141439,0.9192882212928511,4.446666666666669
26a8ea657472,2026-09-15T02:53:13.875166+00:00,flocking,weak,0.75,0,6,8,1,16,8,1.0,96,12.0,0.010416666666666666,0,0.0,1.9586099420987808,0.4263091820815447,8.034493749421515,0.20203050891044214,6.173333333333334
8c188587d603,2026-09-15T02:53:13.878205+00:00,flocking,weak,0.75,1,6,8,1,11,8,1.0,54,6.75,0.018518518518518517,20,0.30303030303030304,1.510964002541658,0.42729711549430305,8.048623588099518,0.7026743483530378,6.223333333333334
4c6f51410cff,2026-09-15T02:53:13.880422+00:00,flocking,weak,0.75,2,6,8,1,8,8,1.0,48,6.0,0.020833333333333332,0,0.0,1.9324799544077593,0.296528030667372,8.462522731956874,0.5890150893739515,6.253333333333334
2ee7c797586a,2026-09-15T02:53:13.883659+00:00,flocking,weak,0.75,3,6,8,1,12,8,1.0,72,9.0,0.013888888888888888,0,0.0,1.7492174991347922,0.5420351695611497,5.892721336148372,0.5345224838248487,6.213333333333335
02f4b01e73a9,2026-09-15T02:53:13.888184+00:00,flocking,weak,0.75,4,6,8,1,17,8,1.0,94,11.75,0.010638297872340425,14,0.13725490196078433,1.6622415925606622,0.5342968558598478,8.750311343281012,0.5779829341872648,6.163333333333334
dfe679f09381,2026-09-15T02:53:13.893252+00:00,flocking,weak,0.75,5,6,8,1,19,8,1.0,114,14.25,0.008771929824561403,9,0.07894736842105263,1.9320164329373077,0.2839954482084632,7.727565746968688,0.47380354147934284,6.143333333333334
01aba073c396,2026-09-15T02:53:13.900683+00:00,flocking,weak,0.75,6,6,8,1,25,8,1.0,120,15.0,0.008333333333333333,30,0.2,1.7200466784292925,0.4441253482524997,8.914632054438341,0.46140072063229376,6.083333333333336
67b5ec55ab4a,2026-09-15T02:53:13.906681+00:00,flocking,weak,0.75,7,6,8,1,22,8,1.0,132,16.5,0.007575757575757576,0,0.0,1.7964088640745233,0.5527435727248149,6.500096148011,0.47380354147934284,6.113333333333335
67b4e52f4ba0,2026-09-15T02:53:13.910280+00:00,flocking,weak,0.75,8,6,8,1,13,8,1.0,77,9.625,0.012987012987012988,5,0.0641025641025641,1.7435347409427222,0.4971123339032518,8.860740196421,0.3239001813723725,6.203333333333335
54d5ee516552,2026-09-15T02:53:13.916081+00:00,flocking,weak,0.75,9,6,8,1,22,8,1.0,102,12.75,0.00980392156862745,43,0.32575757575757575,1.3053471030236117,0.6266883198841542,7.498611676141439,0.9192882212928511,6.113333333333335
4e776f64b43f,2026-09-15T02:53:13.920315+00:00,flocking,weak,1.0,0,6,8,1,16,8,1.0,96,12.0,0.010416666666666666,0,0.0,1.9586099420987808,0.4263091820815447,8.034493749421515,0.20203050891044214,7.8400000000000025
0f572e5e25ae,2026-09-15T02:53:13.923414+00:00,flocking,weak,1.0,1,6,8,1,11,8,1.0,54,6.75,0.018518518518518517,20,0.30303030303030304,1.510964002541658,0.42729711549430305,8.048623588099518,0.7026743483530378,7.890000000000001
242c506eb01f,2026-09-15T02:53:13.925614+00:00,flocking,weak,1.0,2,6,8,1,8,8,1.0,48,6.0,0.020833333333333332,0,0.0,1.9324799544077593,0.296528030667372,8.462522731956874,0.5890150893739515,7.920000000000001
e4eae9a959ca,2026-09-15T02:53:13.928869+00:00,flocking,weak,1.0,3,6,8,1,12,8,1.0,72,9.0,0.013888888888888888,0,0.0,1.7492174991347922,0.5420351695611497,5.892721336148372,0.5345224838248487,7.880000000000002
d217bc058999,2026-09-15T02:53:13.933495+00:00,flocking,weak,1.0,4,6,8,1,17,8,1.0,94,11.75,0.010638297872340425,14,0.13725490196078433,1.6622415925606622,0.5342968558598478,8.750311343281012,0.5779829341872648,7.830000000000003
22cd79e0401d,2026-09-15T02:53:13.938658+00:00,flocking,weak,1.0,5,6,8,1,19,8,1.0,114,14.25,0.008771929824561403,9,0.07894736842105263,1.9320164329373077,0.2839954482084632,7.727565746968688,0.47380354147934284,7.810000000000003
2ecce546c19d,2026-09-15T02:53:13.945203+00:00,flocking,weak,1.0,6,6,8,1,25,8,1.0,120,15.0,0.008333333333333333,30,0.2,1.7200466784292925,0.4441253482524997,8.914632054438341,0.46140072063229376,7.750000000000004
1ca93a371ed2,2026-09-15T02:53:13.951295+00:00,flocking,weak,1.0,7,6,8,1,22,8,1.0,132,16.5,0.007575757575757576,0,0.0,1.7964088640745233,0.5527435727248149,6.500096148011,0.47380354147934284,7.780000000000004
465610ce66a6,2026-09-15T02:53:13.954911+00:00,flocking,weak,1.0,8,6,8,1,13,8,1.0,77,9.625,0.012987012987012988,5,0.0641025641025641,1.7435347409427222,0.4971123339032518,8.860740196421,0.3239001813723725,7.870000000000003
f80803f2cf23,2026-09-15T02:53:13.961319+00:00,flocking,weak,1.0,9,6,8,1,22,8,1.0,102,12.75,0.00980392156862745,43,0.32575757575757575,1.3053471030236117,0.6266883198841542,7.498611676141439,0.9192882212928511,7.780000000000003
112398be8315,2026-09-15T02:53:13.968411+00:00,distributed-greedy,weak,0.0,0,6,8,1,35,8,1.0,70,8.75,0.014285714285714285,12,0.05714285714285714,1.4912609792047138,0.8459850202356779,8.05834301690429,0.6248827172750477,0.9833333333333328
a68072e0fab7,2026-09-15T02:53:13.974166+00:00,distributed-greedy,weak,0.0,1,6,8,1,28,8,1.0,72,9.0,0.013888888888888888,33,0.19642857142857142,1.7704590561248512,0.7684071072866183,7.042511912423998,0.6656763477847173,1.053333333333333
d37a0da89a13,2026-09-15T02:53:13.979716+00:00,distributed-greedy,weak,0.0,2,6,8,1,29,8,1.0,73,9.125,0.0136986301369863,1,0.005747126436781609,1.5351134879691954,0.8359028006248735,6.882402112993199,0.6729992616119238,1.043333333333333
facfba2244c9,2026-09-15T02:53:13.985477+00:00,distributed-greedy,weak,0.0,3,6,8,1,30,8,1.0,89,11.125,0.011235955056179775,10,0.05555555555555555,1.7894061427953076,0.6947224244563979,5.394370942952339,0.7797559551790512,1.033333333333333
12ed8362fcf5,2026-09-15T02:53:13.991414+00:00,distributed-greedy,weak,0.0,4,6,8,1,31,8,1.0,80,10.0,0.0125,26,0.13978494623655913,1.6711305184169793,0.7579602177263232,5.034247579695426,0.533001790889026,1.023333333333333
bc3acf5d13f1,2026-09-15T02:53:14.002362+00:00,distributed-greedy,weak,0.0,5,6,8,1,58,8,1.0,112,14.0,0.008928571428571428,28,0.08045977011494253,1.5226035437515693,0.7531737681041861,5.533221227259355,1.096086200386487,0.7533333333333326
24e1e0603d2f,2026-09-15T02:53:14.008136+00:00,distributed-greedy,weak,0.0,6,6,8,1,28,8,1.0,82,10.25,0.012195121951219513,1,0.005952380952380952,1.8285704677633863,0.7326432489875374,8.057220822727029,0.3364734017707086,1.053333333333333
f5fc2fd0623a,2026-09-15T02:53:14.017279+00:00,distributed-greedy,weak,0.0,7,6,8,1,47,8,1.0,149,18.625,0.006711409395973154,6,0.02127659574468085,1.9938938383414273,0.4555069857277129,5.976360771283432,0.4846082237749244,0.8633333333333327
7efa3ab48198,2026-09-15T02:53:14.025998+00:00,distributed-greedy,weak,0.0,8,6,8,1,46,8,1.0,106,13.25,0.009433962264150943,18,0.06521739130434782,1.540863047774809,0.824649867155312,5.349741754034167,0.7606715432674006,0.8733333333333327
89d0c181bb57,2026-09-15T02:53:14.029411+00:00,distributed-greedy,weak,0.0,9,6,8,1,17,8,1.0,41,5.125,0.024390243902439025,1,0.00980392156862745,1.7315656274247901,0.8235606792724882,7.114734760285567,0.7719466049243048,1.163333333333333
600908dcbe9b,2026-09-15T02:53:14.035868+00:00,distributed-greedy,weak,0.25,0,6,8,1,35,8,1.0,70,8.75,0.014285714285714285,12,0.05714285714285714,1.4912609792047138,0.8459850202356779,8.05834301690429,0.6248827172750477,2.6500000000000057
794302375dc5,2026-09-15T02:53:14.041225+00:00,distributed-greedy,weak,0.25,1,6,8,1,28,8,1.0,72,9.0,0.013888888888888888,33,0.19642857142857142,1.7704590561248512,0.7684071072866183,7.042511912423998,0.6656763477847173,2.7200000000000033
0a1d86e68724,2026-09-15T02:53:14.046742+00:00,distributed-greedy,weak,0.25,2,6,8,1,29,8,1.0,73,9.125,0.0136986301369863,1,0.005747126436781609,1.5351134879691954,0.8359028006248735,6.882402112993199,0.6729992616119238,2.7100000000000026
35bcd526f3bb,2026-09-15T02:53:14.052670+00:00,distributed-greedy,weak,0.25,3,6,8,1,30,8,1.0,89,11.125,0.011235955056179775,10,0.05555555555555555,1.7894061427953076,0.6947224244563979,5.394370942952339,0.7797559551790512,2.700000000000002
0c31f92eb64a,2026-09-15T02:53:14.058632+00:00,distributed-greedy,weak,0.25,4,6,8,1,31,8,1.0,80,10.0,0.0125,26,0.13978494623655913,1.6711305184169793,0.7579602177263232,5.034247579695426,0.533001790889026,2.690000000000003
33c90e42c243,2026-09-15T02:53:14.069036+00:00,distributed-greedy,weak,0.25,5,6,8,1,58,8,1.0,112,14.0,0.008928571428571428,28,0.08045977011494253,1.5226035437515693,0.7531737681041861,5.533221227259355,1.096086200386487,2.4200000000000097
d85fe6e7f01e,2026-09-15T02:53:14.074818+00:00,distributed-greedy,weak,0.25,6,6,8,1,28,8,1.0,82,10.25,0.012195121951219513,1,0.005952380952380952,1.8285704677633863,0.7326432489875374,8.057220822727029,0.3364734017707086,2.7200000000000024
46c94d5803d4,2026-09-15T02:53:14.084267+00:00,distributed-greedy,weak,0.25,7,6,8,1,47,8,1.0,149,18.625,0.006711409395973154,6,0.02127659574468085,1.9938938383414273,0.4555069857277129,5.976360771283432,0.4846082237749244,2.5300000000000002
484b309c9bc3,2026-09-15T02:53:14.092816+00:00,distributed-greedy,weak,0.25,8,6,8,1,46,8,1.0,106,13.25,0.009433962264150943,18,0.06521739130434782,1.540863047774809,0.824649867155312,5.349741754034167,0.7606715432674006,2.5400000000000063
c03dd3750b90,2026-09-15T02:53:14.096156+00:00,distributed-greedy,weak,0.25,9,6,8,1,17,8,1.0,41,5.125,0.024390243902439025,1,0.00980392156862745,1.7315656274247901,0.8235606792724882,7.114734760285567,0.7719466049243048,2.830000000000002
452f8fa22022,2026-09-15T02:53:14.102482+00:00,distributed-greedy,weak,0.5,0,6,8,1,35,8,1.0,70,8.75,0.014285714285714285,12,0.05714285714285714,1.4912609792047138,0.8459850202356779,8.05834301690429,0.6248827172750477,4.316666666666673
c470ca21a752,2026-09-15T02:53:14.108136+00:00,distributed-greedy,weak,0.5,1,6,8,1,28,8,1.0,72,9.0,0.013888888888888888,33,0.19642857142857142,1.7704590561248512,0.7684071072866183,7.042511912423998,0.6656763477847173,4.38666666666667
7d81e6c35d91,2026-09-15T02:53:14.113785+00:00,distributed-greedy,weak,0.5,2,6,8,1,29,8,1.0,73,9.125,0.0136986301369863,1,0.005747126436781609,1.5351134879691954,0.8359028006248735,6.882402112993199,0.6729992616119238,4.376666666666672
51c4da4f985a,2026-09-15T02:53:14.119629+00:00,distributed-greedy,weak,0.5,3,6,8,1,30,8,1.0,89,11.125,0.011235955056179775,10,0.05555555555555555,1.7894061427953076,0.6947224244563979,5.394370942952339,0.7797559551790512,4.366666666666672
ade84e5d944d,2026-09-15T02:53:14.125469+00:00,distributed-greedy,weak,0.5,4,6,8,1,31,8,1.0,80,10.0,0.0125,26,0.13978494623655913,1.6711305184169793,0.7579602177263232,5.034247579695426,0.533001790889026,4.356666666666672
f90623668990,2026-09-15T02:53:14.135939+00:00,distributed-greedy,weak,0.5,5,6,8,1,58,8,1.0,112,14.0,0.008928571428571428,28,0.08045977011494253,1.5226035437515693,0.7531737681041861,5.533221227259355,1.096086200386487,4.086666666666677
244f5e5d00f2,2026-09-15T02:53:14.142039+00:00,distributed-greedy,weak,0.5,6,6,8,1,28,8,1.0,82,10.25,0.012195121951219513,1,0.005952380952380952,1.8285704677633863,0.7326432489875374,8.057220822727029,0.3364734017707086,4.386666666666669
2580b3cb4286,2026-09-15T02:53:14.151300+00:00,distributed-greedy,weak,0.5,7,6,8,1,47,8,1.0,149,18.625,0.006711409395973154,6,0.02127659574468085,1.9938938383414273,0.4555069857277129,5.976360771283432,0.4846082237749244,4.196666666666673
3075d1908e03,2026-09-15T02:53:14.159880+00:00,distributed-greedy,weak,0.5,8,6,8,1,46,8,1.0,106,13.25,0.009433962264150943,18,0.06521739130434782,1.540863047774809,0.824649867155312,5.349741754034167,0.7606715432674006,4.206666666666674
4223d2e66244,2026-09-15T02:53:14.163253+00:00,distributed-greedy,weak,0.5,9,6,8,1,17,8,1.0,41,5.125,0.024390243902439025,1,0.00980392156862745,1.7315656274247901,0.8235606792724882,7.114734760285567,0.7719466049243048,4.496666666666669
c36fe26f3b06,2026-09-15T02:53:14.169682+00:00,distributed-greedy,weak,0.75,0,6,8,1,35,8,1.0,70,8.75,0.014285714285714285,12,0.05714285714285714,1.4912609792047138,0.8459850202356779,8.05834301690429,0.6248827172750477,5.983333333333338
c8aaf9890007,2026-09-15T02:53:14.175137+00:00,distributed-greedy,weak,0.75,1,6,8,1,28,8,1.0,72,9.0,0.013888888888888888,33,0.19642857142857142,1.7704590561248512,0.7684071072866183,7.042511912423998,0.6656763477847173,6.053333333333336
8ed5c80bd256,2026-09-15T02:53:14.180699+00:00,distributed-greedy,weak,0.75,2,6,8,1,29,8,1.0,73,9.125,0.0136986301369863,1,0.005747126436781609,1.5351134879691954,0.8359028006248735,6.882402112993199,0.6729992616119238,6.043333333333338
aae7fe87b08d,2026-09-15T02:53:14.186513+00:00,distributed-greedy,weak,0.75,3,6,8,1,30,8,1.0,89,11.125,0.011235955056179775,10,0.05555555555555555,1.7894061427953076,0.6947224244563979,5.394370942952339,0.7797559551790512,6.033333333333337
7f60390782eb,2026-09-15T02:53:14.192546+00:00,distributed-greedy,weak,0.75,4,6,8,1,31,8,1.0,80,10.0,0.0125,26,0.13978494623655913,1.6711305184169793,0.7579602177263232,5.034247579695426,0.533001790889026,6.023333333333337
60430a793277,2026-09-15T02:53:14.203410+00:00,distributed-greedy,weak,0.75,5,6,8,1,58,8,1.0,112,14.0,0.008928571428571428,28,0.08045977011494253,1.5226035437515693,0.7531737681041861,5.533221227259355,1.096086200386487,5.753333333333343
1b7c3790d5fc,2026-09-15T02:53:14.209030+00:00,distributed-greedy,weak,0.75,6,6,8,1,28,8,1.0,82,10.25,0.012195121951219513,1,0.005952380952380952,1.8285704677633863,0.7326432489875374,8.057220822727029,0.3364734017707086,6.053333333333336
b51baaed20aa,2026-09-15T02:53:14.218229+00:00,distributed-greedy,weak,0.75,7,6,8,1,47,8,1.0,149,18.625,0.006711409395973154,6,0.02127659574468085,1.9938938383414273,0.4555069857277129,5.976360771283432,0.4846082237749244,5.8633333333333395
6780ad49ce49,2026-09-15T02:53:14.226942+00:00,distributed-greedy,weak,0.75,8,6,8,1,46,8,1.0,106,13.25,0.009433962264150943,18,0.06521739130434782,1.540863047774809,0.824649867155312,5.349741754034167,0.7606715432674006,5.87333333333334
2f348addc6ce,2026-09-15T02:53:14.230237+00:00,distributed-greedy,weak,0.75,9,6,8,1,17,8,1.0,41,5.125,0.024390243902439025,1,0.00980392156862745,1.7315656274247901,0.8235606792724882,7.114734760285567,0.7719466049243048,6.163333333333335
6ee910e90924,2026-09-15T02:53:14.237509+00:00,distributed-greedy,weak,1.0,0,6,8,1,35,8,1.0,70,8.75,0.014285714285714285,12,0.05714285714285714,1.4912609792047138,0.8459850202356779,8.05834301690429,0.6248827172750477,7.650000000000007
eff3c1c8ab3a,2026-09-15T02:53:14.243572+00:00,distributed-greedy,weak,1.0,1,6,8,1,28,8,1.0,72,9.0,0.013888888888888888,33,0.19642857142857142,1.7704590561248512,0.7684071072866183,7.042511912423998,0.6656763477847173,7.720000000000004
828c9749b8ee,2026-09-15T02:53:14.249414+00:00,distributed-greedy,weak,1.0,2,6,8,1,29,8,1.0,73,9.125,0.0136986301369863,1,0.005747126436781609,1.5351134879691954,0.8359028006248735,6.882402112993199,0.6729992616119238,7.710000000000005
7f0c48c34871,2026-09-15T02:53:14.255254+00:00,distributed-greedy,weak,1.0,3,6,8,1,30,8,1.0,89,11.125,0.011235955056179775,10,0.05555555555555555,1.7894061427953076,0.6947224244563979,5.394370942952339,0.7797559551790512,7.7000000000000055
3ea208754622,2026-09-15T02:53:14.262040+00:00,distributed-greedy,weak,1.0,4,6,8,1,31,8,1.0,80,10.0,0.0125,26,0.13978494623655913,1.6711305184169793,0.7579602177263232,5.034247579695426,0.533001790889026,7.690000000000006
b5e4f3225f00,2026-09-15T02:53:14.272614+00:00,distributed-greedy,weak,1.0,5,6,8,1,58,8,1.0,112,14.0,0.008928571428571428,28,0.08045977011494253,1.5226035437515693,0.7531737681041861,5.533221227259355,1.096086200386487,7.4200000000000115
6d780204997f,2026-09-15T02:53:14.278088+00:00,distributed-greedy,weak,1.0,6,6,8,1,28,8,1.0,82,10.25,0.012195121951219513,1,0.005952380952380952,1.8285704677633863,0.7326432489875374,8.057220822727029,0.3364734017707086,7.720000000000005
45810d4103b2,2026-09-15T02:53:14.287565+00:00,distributed-greedy,weak,1.0,7,6,8,1,47,8,1.0,149,18.625,0.006711409395973154,6,0.02127659574468085,1.9938938383414273,0.4555069857277129,5.976360771283432,0.4846082237749244,7.530000000000008
18bd2b81826c,2026-09-15T02:53:14.296403+00:00,distributed-greedy,weak,1.0,8,6,8,1,46,8,1.0,106,13.25,0.009433962264150943,18,0.06521739130434782,1.540863047774809,0.824649867155312,5.349741754034167,0.7606715432674006,7.540000000000009
1e002b931027,2026-09-15T02:53:14.299798+00:00,distributed-greedy,weak,1.0,9,6,8,1,17,8,1.0,41,5.125,0.024390243902439025,1,0.00980392156862745,1.7315656274247901,0.8235606792724882,7.114734760285567,0.7719466049243048,7.830000000000003
